shape_id,subject_class,subject_uri,property,property_uri,object_class,object_uri,total_entities,participating_entities,occurrence_count,coverage_ratio,coverage_percent,shape_pattern,error
shape_000299,chebi:26513,http://purl.obolibrary.org/obo/CHEBI_26513,sio:000008,http://semanticscience.org/resource/SIO_000008,cheminf:000018,http://semanticscience.org/resource/CHEMINF_000018,2056,2056.0,2056,1.0,100.0,chebi:26513 -> sio:000008 -> cheminf:000018,
shape_000000,chebi:598,http://purl.obolibrary.org/obo/CHEBI_598,sio:000008,http://semanticscience.org/resource/SIO_000008,cheminf:000018,http://semanticscience.org/resource/CHEMINF_000018,5062,5062.0,5062,1.0,100.0,chebi:598 -> sio:000008 -> cheminf:000018,
shape_000298,chebi:26508,http://purl.obolibrary.org/obo/CHEBI_26508,sio:000008,http://semanticscience.org/resource/SIO_000008,cheminf:000018,http://semanticscience.org/resource/CHEMINF_000018,23,23.0,23,1.0,100.0,chebi:26508 -> sio:000008 -> cheminf:000018,
shape_000295,chebi:26446,http://purl.obolibrary.org/obo/CHEBI_26446,sio:000008,http://semanticscience.org/resource/SIO_000008,cheminf:000018,http://semanticscience.org/resource/CHEMINF_000018,271,271.0,271,1.0,100.0,chebi:26446 -> sio:000008 -> cheminf:000018,
shape_000294,chebi:26444,http://purl.obolibrary.org/obo/CHEBI_26444,sio:000008,http://semanticscience.org/resource/SIO_000008,cheminf:000018,http://semanticscience.org/resource/CHEMINF_000018,17,17.0,17,1.0,100.0,chebi:26444 -> sio:000008 -> cheminf:000018,
shape_000004,chebi:4986,http://purl.obolibrary.org/obo/CHEBI_4986,sio:000008,http://semanticscience.org/resource/SIO_000008,cheminf:000018,http://semanticscience.org/resource/CHEMINF_000018,719,719.0,719,1.0,100.0,chebi:4986 -> sio:000008 -> cheminf:000018,
shape_000005,chebi:5457,http://purl.obolibrary.org/obo/CHEBI_5457,sio:000008,http://semanticscience.org/resource/SIO_000008,cheminf:000018,http://semanticscience.org/resource/CHEMINF_000018,5538,5538.0,5538,1.0,100.0,chebi:5457 -> sio:000008 -> cheminf:000018,
shape_000256,chebi:26094,http://purl.obolibrary.org/obo/CHEBI_26094,sio:000008,http://semanticscience.org/resource/SIO_000008,cheminf:000018,http://semanticscience.org/resource/CHEMINF_000018,131,131.0,131,1.0,100.0,chebi:26094 -> sio:000008 -> cheminf:000018,
shape_000257,chebi:26144,http://purl.obolibrary.org/obo/CHEBI_26144,sio:000008,http://semanticscience.org/resource/SIO_000008,cheminf:000018,http://semanticscience.org/resource/CHEMINF_000018,454,454.0,454,1.0,100.0,chebi:26144 -> sio:000008 -> cheminf:000018,
shape_000258,chebi:26151,http://purl.obolibrary.org/obo/CHEBI_26151,sio:000008,http://semanticscience.org/resource/SIO_000008,cheminf:000018,http://semanticscience.org/resource/CHEMINF_000018,6059,6059.0,6059,1.0,100.0,chebi:26151 -> sio:000008 -> cheminf:000018,
shape_000260,chebi:26199,http://purl.obolibrary.org/obo/CHEBI_26199,sio:000008,http://semanticscience.org/resource/SIO_000008,cheminf:000018,http://semanticscience.org/resource/CHEMINF_000018,42,42.0,42,1.0,100.0,chebi:26199 -> sio:000008 -> cheminf:000018,
shape_000261,chebi:26214,http://purl.obolibrary.org/obo/CHEBI_26214,sio:000008,http://semanticscience.org/resource/SIO_000008,cheminf:000018,http://semanticscience.org/resource/CHEMINF_000018,45,45.0,45,1.0,100.0,chebi:26214 -> sio:000008 -> cheminf:000018,
shape_000262,chebi:26255,http://purl.obolibrary.org/obo/CHEBI_26255,sio:000008,http://semanticscience.org/resource/SIO_000008,cheminf:000018,http://semanticscience.org/resource/CHEMINF_000018,76,76.0,76,1.0,100.0,chebi:26255 -> sio:000008 -> cheminf:000018,
shape_000247,chebi:25904,http://purl.obolibrary.org/obo/CHEBI_25904,sio:000008,http://semanticscience.org/resource/SIO_000008,cheminf:000018,http://semanticscience.org/resource/CHEMINF_000018,67,67.0,67,1.0,100.0,chebi:25904 -> sio:000008 -> cheminf:000018,
shape_000248,chebi:25961,http://purl.obolibrary.org/obo/CHEBI_25961,sio:000008,http://semanticscience.org/resource/SIO_000008,cheminf:000018,http://semanticscience.org/resource/CHEMINF_000018,2422,2422.0,2422,1.0,100.0,chebi:25961 -> sio:000008 -> cheminf:000018,
shape_000249,chebi:25962,http://purl.obolibrary.org/obo/CHEBI_25962,sio:000008,http://semanticscience.org/resource/SIO_000008,cheminf:000018,http://semanticscience.org/resource/CHEMINF_000018,187,187.0,187,1.0,100.0,chebi:25962 -> sio:000008 -> cheminf:000018,
shape_000250,chebi:25970,http://purl.obolibrary.org/obo/CHEBI_25970,sio:000008,http://semanticscience.org/resource/SIO_000008,cheminf:000018,http://semanticscience.org/resource/CHEMINF_000018,59,59.0,59,1.0,100.0,chebi:25970 -> sio:000008 -> cheminf:000018,
shape_000251,chebi:25973,http://purl.obolibrary.org/obo/CHEBI_25973,sio:000008,http://semanticscience.org/resource/SIO_000008,cheminf:000018,http://semanticscience.org/resource/CHEMINF_000018,54,54.0,54,1.0,100.0,chebi:25973 -> sio:000008 -> cheminf:000018,
shape_000253,chebi:26043,http://purl.obolibrary.org/obo/CHEBI_26043,sio:000008,http://semanticscience.org/resource/SIO_000008,cheminf:000018,http://semanticscience.org/resource/CHEMINF_000018,28,28.0,28,1.0,100.0,chebi:26043 -> sio:000008 -> cheminf:000018,
shape_000239,chebi:25716,http://purl.obolibrary.org/obo/CHEBI_25716,sio:000008,http://semanticscience.org/resource/SIO_000008,cheminf:000018,http://semanticscience.org/resource/CHEMINF_000018,249,249.0,249,1.0,100.0,chebi:25716 -> sio:000008 -> cheminf:000018,
shape_000240,chebi:25717,http://purl.obolibrary.org/obo/CHEBI_25717,sio:000008,http://semanticscience.org/resource/SIO_000008,cheminf:000018,http://semanticscience.org/resource/CHEMINF_000018,15,15.0,15,1.0,100.0,chebi:25717 -> sio:000008 -> cheminf:000018,
shape_000241,chebi:25750,http://purl.obolibrary.org/obo/CHEBI_25750,sio:000008,http://semanticscience.org/resource/SIO_000008,cheminf:000018,http://semanticscience.org/resource/CHEMINF_000018,31,31.0,31,1.0,100.0,chebi:25750 -> sio:000008 -> cheminf:000018,
shape_000243,chebi:25801,http://purl.obolibrary.org/obo/CHEBI_25801,sio:000008,http://semanticscience.org/resource/SIO_000008,cheminf:000018,http://semanticscience.org/resource/CHEMINF_000018,56,56.0,56,1.0,100.0,chebi:25801 -> sio:000008 -> cheminf:000018,
shape_000244,chebi:25810,http://purl.obolibrary.org/obo/CHEBI_25810,sio:000008,http://semanticscience.org/resource/SIO_000008,cheminf:000018,http://semanticscience.org/resource/CHEMINF_000018,2695,2695.0,2695,1.0,100.0,chebi:25810 -> sio:000008 -> cheminf:000018,
shape_000245,chebi:25830,http://purl.obolibrary.org/obo/CHEBI_25830,sio:000008,http://semanticscience.org/resource/SIO_000008,cheminf:000018,http://semanticscience.org/resource/CHEMINF_000018,231,231.0,231,1.0,100.0,chebi:25830 -> sio:000008 -> cheminf:000018,
shape_000246,chebi:25901,http://purl.obolibrary.org/obo/CHEBI_25901,sio:000008,http://semanticscience.org/resource/SIO_000008,cheminf:000018,http://semanticscience.org/resource/CHEMINF_000018,2281,2281.0,2281,1.0,100.0,chebi:25901 -> sio:000008 -> cheminf:000018,
shape_000234,chebi:25704,http://purl.obolibrary.org/obo/CHEBI_25704,sio:000008,http://semanticscience.org/resource/SIO_000008,cheminf:000018,http://semanticscience.org/resource/CHEMINF_000018,153,153.0,153,1.0,100.0,chebi:25704 -> sio:000008 -> cheminf:000018,
shape_000235,chebi:25707,http://purl.obolibrary.org/obo/CHEBI_25707,sio:000008,http://semanticscience.org/resource/SIO_000008,cheminf:000018,http://semanticscience.org/resource/CHEMINF_000018,1057,1057.0,1057,1.0,100.0,chebi:25707 -> sio:000008 -> cheminf:000018,
shape_000237,chebi:25712,http://purl.obolibrary.org/obo/CHEBI_25712,sio:000008,http://semanticscience.org/resource/SIO_000008,cheminf:000018,http://semanticscience.org/resource/CHEMINF_000018,45,45.0,45,1.0,100.0,chebi:25712 -> sio:000008 -> cheminf:000018,
shape_000238,chebi:25713,http://purl.obolibrary.org/obo/CHEBI_25713,sio:000008,http://semanticscience.org/resource/SIO_000008,cheminf:000018,http://semanticscience.org/resource/CHEMINF_000018,1491,1491.0,1491,1.0,100.0,chebi:25713 -> sio:000008 -> cheminf:000018,
shape_000063,chebi:20060,http://purl.obolibrary.org/obo/CHEBI_20060,sio:000008,http://semanticscience.org/resource/SIO_000008,cheminf:000018,http://semanticscience.org/resource/CHEMINF_000018,27,27.0,27,1.0,100.0,chebi:20060 -> sio:000008 -> cheminf:000018,
shape_000064,chebi:20156,http://purl.obolibrary.org/obo/CHEBI_20156,sio:000008,http://semanticscience.org/resource/SIO_000008,cheminf:000018,http://semanticscience.org/resource/CHEMINF_000018,95,95.0,95,1.0,100.0,chebi:20156 -> sio:000008 -> cheminf:000018,
shape_000065,chebi:20432,http://purl.obolibrary.org/obo/CHEBI_20432,sio:000008,http://semanticscience.org/resource/SIO_000008,cheminf:000018,http://semanticscience.org/resource/CHEMINF_000018,358,358.0,358,1.0,100.0,chebi:20432 -> sio:000008 -> cheminf:000018,
shape_000066,chebi:20706,http://purl.obolibrary.org/obo/CHEBI_20706,sio:000008,http://semanticscience.org/resource/SIO_000008,cheminf:000018,http://semanticscience.org/resource/CHEMINF_000018,5669,5669.0,5669,1.0,100.0,chebi:20706 -> sio:000008 -> cheminf:000018,
shape_000067,chebi:20857,http://purl.obolibrary.org/obo/CHEBI_20857,sio:000008,http://semanticscience.org/resource/SIO_000008,cheminf:000018,http://semanticscience.org/resource/CHEMINF_000018,7403,7403.0,7403,1.0,100.0,chebi:20857 -> sio:000008 -> cheminf:000018,
shape_000068,chebi:20858,http://purl.obolibrary.org/obo/CHEBI_20858,sio:000008,http://semanticscience.org/resource/SIO_000008,cheminf:000018,http://semanticscience.org/resource/CHEMINF_000018,142,142.0,142,1.0,100.0,chebi:20858 -> sio:000008 -> cheminf:000018,
shape_000069,chebi:20859,http://purl.obolibrary.org/obo/CHEBI_20859,sio:000008,http://semanticscience.org/resource/SIO_000008,cheminf:000018,http://semanticscience.org/resource/CHEMINF_000018,15,15.0,15,1.0,100.0,chebi:20859 -> sio:000008 -> cheminf:000018,
shape_000070,chebi:21656,http://purl.obolibrary.org/obo/CHEBI_21656,sio:000008,http://semanticscience.org/resource/SIO_000008,cheminf:000018,http://semanticscience.org/resource/CHEMINF_000018,885,885.0,885,1.0,100.0,chebi:21656 -> sio:000008 -> cheminf:000018,
shape_000055,chebi:19129,http://purl.obolibrary.org/obo/CHEBI_19129,sio:000008,http://semanticscience.org/resource/SIO_000008,cheminf:000018,http://semanticscience.org/resource/CHEMINF_000018,141,141.0,141,1.0,100.0,chebi:19129 -> sio:000008 -> cheminf:000018,
shape_000056,chebi:19168,http://purl.obolibrary.org/obo/CHEBI_19168,sio:000008,http://semanticscience.org/resource/SIO_000008,cheminf:000018,http://semanticscience.org/resource/CHEMINF_000018,672,672.0,672,1.0,100.0,chebi:19168 -> sio:000008 -> cheminf:000018,
shape_000057,chebi:19217,http://purl.obolibrary.org/obo/CHEBI_19217,sio:000008,http://semanticscience.org/resource/SIO_000008,cheminf:000018,http://semanticscience.org/resource/CHEMINF_000018,19,19.0,19,1.0,100.0,chebi:19217 -> sio:000008 -> cheminf:000018,
shape_000058,chebi:19218,http://purl.obolibrary.org/obo/CHEBI_19218,sio:000008,http://semanticscience.org/resource/SIO_000008,cheminf:000018,http://semanticscience.org/resource/CHEMINF_000018,26,26.0,26,1.0,100.0,chebi:19218 -> sio:000008 -> cheminf:000018,
shape_000059,chebi:19254,http://purl.obolibrary.org/obo/CHEBI_19254,sio:000008,http://semanticscience.org/resource/SIO_000008,cheminf:000018,http://semanticscience.org/resource/CHEMINF_000018,1156,1156.0,1156,1.0,100.0,chebi:19254 -> sio:000008 -> cheminf:000018,
shape_000060,chebi:19573,http://purl.obolibrary.org/obo/CHEBI_19573,sio:000008,http://semanticscience.org/resource/SIO_000008,cheminf:000018,http://semanticscience.org/resource/CHEMINF_000018,139,139.0,139,1.0,100.0,chebi:19573 -> sio:000008 -> cheminf:000018,
shape_000061,chebi:19834,http://purl.obolibrary.org/obo/CHEBI_19834,sio:000008,http://semanticscience.org/resource/SIO_000008,cheminf:000018,http://semanticscience.org/resource/CHEMINF_000018,155,155.0,155,1.0,100.0,chebi:19834 -> sio:000008 -> cheminf:000018,
shape_000062,chebi:20012,http://purl.obolibrary.org/obo/CHEBI_20012,sio:000008,http://semanticscience.org/resource/SIO_000008,cheminf:000018,http://semanticscience.org/resource/CHEMINF_000018,30,30.0,30,1.0,100.0,chebi:20012 -> sio:000008 -> cheminf:000018,
shape_000047,chebi:17984,http://purl.obolibrary.org/obo/CHEBI_17984,sio:000008,http://semanticscience.org/resource/SIO_000008,cheminf:000018,http://semanticscience.org/resource/CHEMINF_000018,3430,3430.0,3430,1.0,100.0,chebi:17984 -> sio:000008 -> cheminf:000018,
shape_000048,chebi:18000,http://purl.obolibrary.org/obo/CHEBI_18000,sio:000008,http://semanticscience.org/resource/SIO_000008,cheminf:000018,http://semanticscience.org/resource/CHEMINF_000018,12484,12484.0,12484,1.0,100.0,chebi:18000 -> sio:000008 -> cheminf:000018,
shape_000049,chebi:18035,http://purl.obolibrary.org/obo/CHEBI_18035,sio:000008,http://semanticscience.org/resource/SIO_000008,cheminf:000018,http://semanticscience.org/resource/CHEMINF_000018,14942,14942.0,14942,1.0,100.0,chebi:18035 -> sio:000008 -> cheminf:000018,
shape_000052,chebi:18303,http://purl.obolibrary.org/obo/CHEBI_18303,sio:000008,http://semanticscience.org/resource/SIO_000008,cheminf:000018,http://semanticscience.org/resource/CHEMINF_000018,7660,7660.0,7660,1.0,100.0,chebi:18303 -> sio:000008 -> cheminf:000018,
shape_000053,chebi:18379,http://purl.obolibrary.org/obo/CHEBI_18379,sio:000008,http://semanticscience.org/resource/SIO_000008,cheminf:000018,http://semanticscience.org/resource/CHEMINF_000018,1486,1486.0,1486,1.0,100.0,chebi:18379 -> sio:000008 -> cheminf:000018,
shape_000039,chebi:17387,http://purl.obolibrary.org/obo/CHEBI_17387,sio:000008,http://semanticscience.org/resource/SIO_000008,cheminf:000018,http://semanticscience.org/resource/CHEMINF_000018,552,552.0,552,1.0,100.0,chebi:17387 -> sio:000008 -> cheminf:000018,
shape_000040,chebi:17408,http://purl.obolibrary.org/obo/CHEBI_17408,sio:000008,http://semanticscience.org/resource/SIO_000008,cheminf:000018,http://semanticscience.org/resource/CHEMINF_000018,182,182.0,182,1.0,100.0,chebi:17408 -> sio:000008 -> cheminf:000018,
shape_000041,chebi:17476,http://purl.obolibrary.org/obo/CHEBI_17476,sio:000008,http://semanticscience.org/resource/SIO_000008,cheminf:000018,http://semanticscience.org/resource/CHEMINF_000018,224,224.0,224,1.0,100.0,chebi:17476 -> sio:000008 -> cheminf:000018,
shape_000042,chebi:17478,http://purl.obolibrary.org/obo/CHEBI_17478,sio:000008,http://semanticscience.org/resource/SIO_000008,cheminf:000018,http://semanticscience.org/resource/CHEMINF_000018,360,360.0,360,1.0,100.0,chebi:17478 -> sio:000008 -> cheminf:000018,
shape_000043,chebi:17517,http://purl.obolibrary.org/obo/CHEBI_17517,sio:000008,http://semanticscience.org/resource/SIO_000008,cheminf:000018,http://semanticscience.org/resource/CHEMINF_000018,7504,7504.0,7504,1.0,100.0,chebi:17517 -> sio:000008 -> cheminf:000018,
shape_000044,chebi:17522,http://purl.obolibrary.org/obo/CHEBI_17522,sio:000008,http://semanticscience.org/resource/SIO_000008,cheminf:000018,http://semanticscience.org/resource/CHEMINF_000018,462,462.0,462,1.0,100.0,chebi:17522 -> sio:000008 -> cheminf:000018,
shape_000045,chebi:17761,http://purl.obolibrary.org/obo/CHEBI_17761,sio:000008,http://semanticscience.org/resource/SIO_000008,cheminf:000018,http://semanticscience.org/resource/CHEMINF_000018,32330,32330.0,32330,1.0,100.0,chebi:17761 -> sio:000008 -> cheminf:000018,
shape_000046,chebi:17855,http://purl.obolibrary.org/obo/CHEBI_17855,sio:000008,http://semanticscience.org/resource/SIO_000008,cheminf:000018,http://semanticscience.org/resource/CHEMINF_000018,250870,250869.0,250869,1.0,100.0,chebi:17855 -> sio:000008 -> cheminf:000018,
shape_000097,chebi:22720,http://purl.obolibrary.org/obo/CHEBI_22720,sio:000008,http://semanticscience.org/resource/SIO_000008,cheminf:000018,http://semanticscience.org/resource/CHEMINF_000018,769,769.0,769,1.0,100.0,chebi:22720 -> sio:000008 -> cheminf:000018,
shape_000099,chebi:22727,http://purl.obolibrary.org/obo/CHEBI_22727,sio:000008,http://semanticscience.org/resource/SIO_000008,cheminf:000018,http://semanticscience.org/resource/CHEMINF_000018,1889,1889.0,1889,1.0,100.0,chebi:22727 -> sio:000008 -> cheminf:000018,
shape_000100,chebi:22729,http://purl.obolibrary.org/obo/CHEBI_22729,sio:000008,http://semanticscience.org/resource/SIO_000008,cheminf:000018,http://semanticscience.org/resource/CHEMINF_000018,269,269.0,269,1.0,100.0,chebi:22729 -> sio:000008 -> cheminf:000018,
shape_000102,chebi:22861,http://purl.obolibrary.org/obo/CHEBI_22861,sio:000008,http://semanticscience.org/resource/SIO_000008,cheminf:000018,http://semanticscience.org/resource/CHEMINF_000018,4,4.0,4,1.0,100.0,chebi:22861 -> sio:000008 -> cheminf:000018,
shape_000087,chebi:22580,http://purl.obolibrary.org/obo/CHEBI_22580,sio:000008,http://semanticscience.org/resource/SIO_000008,cheminf:000018,http://semanticscience.org/resource/CHEMINF_000018,853,853.0,853,1.0,100.0,chebi:22580 -> sio:000008 -> cheminf:000018,
shape_000088,chebi:22680,http://purl.obolibrary.org/obo/CHEBI_22680,sio:000008,http://semanticscience.org/resource/SIO_000008,cheminf:000018,http://semanticscience.org/resource/CHEMINF_000018,2,2.0,2,1.0,100.0,chebi:22680 -> sio:000008 -> cheminf:000018,
shape_000089,chebi:22681,http://purl.obolibrary.org/obo/CHEBI_22681,sio:000008,http://semanticscience.org/resource/SIO_000008,cheminf:000018,http://semanticscience.org/resource/CHEMINF_000018,36,36.0,36,1.0,100.0,chebi:22681 -> sio:000008 -> cheminf:000018,
shape_000090,chebi:22682,http://purl.obolibrary.org/obo/CHEBI_22682,sio:000008,http://semanticscience.org/resource/SIO_000008,cheminf:000018,http://semanticscience.org/resource/CHEMINF_000018,69,69.0,69,1.0,100.0,chebi:22682 -> sio:000008 -> cheminf:000018,
shape_000091,chebi:22693,http://purl.obolibrary.org/obo/CHEBI_22693,sio:000008,http://semanticscience.org/resource/SIO_000008,cheminf:000018,http://semanticscience.org/resource/CHEMINF_000018,20,20.0,20,1.0,100.0,chebi:22693 -> sio:000008 -> cheminf:000018,
shape_000092,chebi:22698,http://purl.obolibrary.org/obo/CHEBI_22698,sio:000008,http://semanticscience.org/resource/SIO_000008,cheminf:000018,http://semanticscience.org/resource/CHEMINF_000018,418,418.0,418,1.0,100.0,chebi:22698 -> sio:000008 -> cheminf:000018,
shape_000093,chebi:22702,http://purl.obolibrary.org/obo/CHEBI_22702,sio:000008,http://semanticscience.org/resource/SIO_000008,cheminf:000018,http://semanticscience.org/resource/CHEMINF_000018,239,239.0,239,1.0,100.0,chebi:22702 -> sio:000008 -> cheminf:000018,
shape_000094,chebi:22707,http://purl.obolibrary.org/obo/CHEBI_22707,sio:000008,http://semanticscience.org/resource/SIO_000008,cheminf:000018,http://semanticscience.org/resource/CHEMINF_000018,1629,1629.0,1629,1.0,100.0,chebi:22707 -> sio:000008 -> cheminf:000018,
shape_000079,chebi:22326,http://purl.obolibrary.org/obo/CHEBI_22326,sio:000008,http://semanticscience.org/resource/SIO_000008,cheminf:000018,http://semanticscience.org/resource/CHEMINF_000018,10,10.0,10,1.0,100.0,chebi:22326 -> sio:000008 -> cheminf:000018,
shape_000084,chebi:22512,http://purl.obolibrary.org/obo/CHEBI_22512,sio:000008,http://semanticscience.org/resource/SIO_000008,cheminf:000018,http://semanticscience.org/resource/CHEMINF_000018,494,494.0,494,1.0,100.0,chebi:22512 -> sio:000008 -> cheminf:000018,
shape_000085,chebi:22531,http://purl.obolibrary.org/obo/CHEBI_22531,sio:000008,http://semanticscience.org/resource/SIO_000008,cheminf:000018,http://semanticscience.org/resource/CHEMINF_000018,217,217.0,217,1.0,100.0,chebi:22531 -> sio:000008 -> cheminf:000018,
shape_000071,chebi:21689,http://purl.obolibrary.org/obo/CHEBI_21689,sio:000008,http://semanticscience.org/resource/SIO_000008,cheminf:000018,http://semanticscience.org/resource/CHEMINF_000018,123,123.0,123,1.0,100.0,chebi:21689 -> sio:000008 -> cheminf:000018,
shape_000073,chebi:22160,http://purl.obolibrary.org/obo/CHEBI_22160,sio:000008,http://semanticscience.org/resource/SIO_000008,cheminf:000018,http://semanticscience.org/resource/CHEMINF_000018,3583,3583.0,3583,1.0,100.0,chebi:22160 -> sio:000008 -> cheminf:000018,
shape_000074,chebi:22177,http://purl.obolibrary.org/obo/CHEBI_22177,sio:000008,http://semanticscience.org/resource/SIO_000008,cheminf:000018,http://semanticscience.org/resource/CHEMINF_000018,195,195.0,195,1.0,100.0,chebi:22177 -> sio:000008 -> cheminf:000018,
shape_000075,chebi:22213,http://purl.obolibrary.org/obo/CHEBI_22213,sio:000008,http://semanticscience.org/resource/SIO_000008,cheminf:000018,http://semanticscience.org/resource/CHEMINF_000018,96,96.0,96,1.0,100.0,chebi:22213 -> sio:000008 -> cheminf:000018,
shape_000076,chebi:22307,http://purl.obolibrary.org/obo/CHEBI_22307,sio:000008,http://semanticscience.org/resource/SIO_000008,cheminf:000018,http://semanticscience.org/resource/CHEMINF_000018,15,15.0,15,1.0,100.0,chebi:22307 -> sio:000008 -> cheminf:000018,
shape_000077,chebi:22315,http://purl.obolibrary.org/obo/CHEBI_22315,sio:000008,http://semanticscience.org/resource/SIO_000008,cheminf:000018,http://semanticscience.org/resource/CHEMINF_000018,8780,8780.0,8780,1.0,100.0,chebi:22315 -> sio:000008 -> cheminf:000018,
shape_000127,chebi:23453,http://purl.obolibrary.org/obo/CHEBI_23453,sio:000008,http://semanticscience.org/resource/SIO_000008,cheminf:000018,http://semanticscience.org/resource/CHEMINF_000018,57,57.0,57,1.0,100.0,chebi:23453 -> sio:000008 -> cheminf:000018,
shape_000130,chebi:23528,http://purl.obolibrary.org/obo/CHEBI_23528,sio:000008,http://semanticscience.org/resource/SIO_000008,cheminf:000018,http://semanticscience.org/resource/CHEMINF_000018,113,113.0,113,1.0,100.0,chebi:23528 -> sio:000008 -> cheminf:000018,
shape_000131,chebi:23643,http://purl.obolibrary.org/obo/CHEBI_23643,sio:000008,http://semanticscience.org/resource/SIO_000008,cheminf:000018,http://semanticscience.org/resource/CHEMINF_000018,751,751.0,751,1.0,100.0,chebi:23643 -> sio:000008 -> cheminf:000018,
shape_000132,chebi:23665,http://purl.obolibrary.org/obo/CHEBI_23665,sio:000008,http://semanticscience.org/resource/SIO_000008,cheminf:000018,http://semanticscience.org/resource/CHEMINF_000018,2038,2038.0,2038,1.0,100.0,chebi:23665 -> sio:000008 -> cheminf:000018,
shape_000133,chebi:23684,http://purl.obolibrary.org/obo/CHEBI_23684,sio:000008,http://semanticscience.org/resource/SIO_000008,cheminf:000018,http://semanticscience.org/resource/CHEMINF_000018,5,5.0,5,1.0,100.0,chebi:23684 -> sio:000008 -> cheminf:000018,
shape_000134,chebi:23697,http://purl.obolibrary.org/obo/CHEBI_23697,sio:000008,http://semanticscience.org/resource/SIO_000008,cheminf:000018,http://semanticscience.org/resource/CHEMINF_000018,1763,1763.0,1763,1.0,100.0,chebi:23697 -> sio:000008 -> cheminf:000018,
shape_000120,chebi:23247,http://purl.obolibrary.org/obo/CHEBI_23247,sio:000008,http://semanticscience.org/resource/SIO_000008,cheminf:000018,http://semanticscience.org/resource/CHEMINF_000018,210,210.0,210,1.0,100.0,chebi:23247 -> sio:000008 -> cheminf:000018,
shape_000122,chebi:23420,http://purl.obolibrary.org/obo/CHEBI_23420,sio:000008,http://semanticscience.org/resource/SIO_000008,cheminf:000018,http://semanticscience.org/resource/CHEMINF_000018,3,3.0,3,1.0,100.0,chebi:23420 -> sio:000008 -> cheminf:000018,
shape_000123,chebi:23424,http://purl.obolibrary.org/obo/CHEBI_23424,sio:000008,http://semanticscience.org/resource/SIO_000008,cheminf:000018,http://semanticscience.org/resource/CHEMINF_000018,85,85.0,85,1.0,100.0,chebi:23424 -> sio:000008 -> cheminf:000018,
shape_000124,chebi:23436,http://purl.obolibrary.org/obo/CHEBI_23436,sio:000008,http://semanticscience.org/resource/SIO_000008,cheminf:000018,http://semanticscience.org/resource/CHEMINF_000018,154,154.0,154,1.0,100.0,chebi:23436 -> sio:000008 -> cheminf:000018,
shape_000125,chebi:23437,http://purl.obolibrary.org/obo/CHEBI_23437,sio:000008,http://semanticscience.org/resource/SIO_000008,cheminf:000018,http://semanticscience.org/resource/CHEMINF_000018,12,12.0,12,1.0,100.0,chebi:23437 -> sio:000008 -> cheminf:000018,
shape_000126,chebi:23449,http://purl.obolibrary.org/obo/CHEBI_23449,sio:000008,http://semanticscience.org/resource/SIO_000008,cheminf:000018,http://semanticscience.org/resource/CHEMINF_000018,493,493.0,493,1.0,100.0,chebi:23449 -> sio:000008 -> cheminf:000018,
shape_000111,chebi:23053,http://purl.obolibrary.org/obo/CHEBI_23053,sio:000008,http://semanticscience.org/resource/SIO_000008,cheminf:000018,http://semanticscience.org/resource/CHEMINF_000018,876,876.0,876,1.0,100.0,chebi:23053 -> sio:000008 -> cheminf:000018,
shape_000112,chebi:23079,http://purl.obolibrary.org/obo/CHEBI_23079,sio:000008,http://semanticscience.org/resource/SIO_000008,cheminf:000018,http://semanticscience.org/resource/CHEMINF_000018,120,120.0,120,1.0,100.0,chebi:23079 -> sio:000008 -> cheminf:000018,
shape_000113,chebi:23134,http://purl.obolibrary.org/obo/CHEBI_23134,sio:000008,http://semanticscience.org/resource/SIO_000008,cheminf:000018,http://semanticscience.org/resource/CHEMINF_000018,62,62.0,62,1.0,100.0,chebi:23134 -> sio:000008 -> cheminf:000018,
shape_000114,chebi:23147,http://purl.obolibrary.org/obo/CHEBI_23147,sio:000008,http://semanticscience.org/resource/SIO_000008,cheminf:000018,http://semanticscience.org/resource/CHEMINF_000018,1,1.0,1,1.0,100.0,chebi:23147 -> sio:000008 -> cheminf:000018,
shape_000115,chebi:23150,http://purl.obolibrary.org/obo/CHEBI_23150,sio:000008,http://semanticscience.org/resource/SIO_000008,cheminf:000018,http://semanticscience.org/resource/CHEMINF_000018,94,94.0,94,1.0,100.0,chebi:23150 -> sio:000008 -> cheminf:000018,
shape_000116,chebi:23217,http://purl.obolibrary.org/obo/CHEBI_23217,sio:000008,http://semanticscience.org/resource/SIO_000008,cheminf:000018,http://semanticscience.org/resource/CHEMINF_000018,43998,43998.0,43998,1.0,100.0,chebi:23217 -> sio:000008 -> cheminf:000018,
shape_000117,chebi:23219,http://purl.obolibrary.org/obo/CHEBI_23219,sio:000008,http://semanticscience.org/resource/SIO_000008,cheminf:000018,http://semanticscience.org/resource/CHEMINF_000018,415,415.0,415,1.0,100.0,chebi:23219 -> sio:000008 -> cheminf:000018,
shape_000118,chebi:23232,http://purl.obolibrary.org/obo/CHEBI_23232,sio:000008,http://semanticscience.org/resource/SIO_000008,cheminf:000018,http://semanticscience.org/resource/CHEMINF_000018,1052,1052.0,1052,1.0,100.0,chebi:23232 -> sio:000008 -> cheminf:000018,
shape_000103,chebi:22881,http://purl.obolibrary.org/obo/CHEBI_22881,sio:000008,http://semanticscience.org/resource/SIO_000008,cheminf:000018,http://semanticscience.org/resource/CHEMINF_000018,83,83.0,83,1.0,100.0,chebi:22881 -> sio:000008 -> cheminf:000018,
shape_000104,chebi:22888,http://purl.obolibrary.org/obo/CHEBI_22888,sio:000008,http://semanticscience.org/resource/SIO_000008,cheminf:000018,http://semanticscience.org/resource/CHEMINF_000018,867,867.0,867,1.0,100.0,chebi:22888 -> sio:000008 -> cheminf:000018,
shape_000105,chebi:22901,http://purl.obolibrary.org/obo/CHEBI_22901,sio:000008,http://semanticscience.org/resource/SIO_000008,cheminf:000018,http://semanticscience.org/resource/CHEMINF_000018,41,41.0,41,1.0,100.0,chebi:22901 -> sio:000008 -> cheminf:000018,
shape_000106,chebi:22950,http://purl.obolibrary.org/obo/CHEBI_22950,sio:000008,http://semanticscience.org/resource/SIO_000008,cheminf:000018,http://semanticscience.org/resource/CHEMINF_000018,97,97.0,97,1.0,100.0,chebi:22950 -> sio:000008 -> cheminf:000018,
shape_000107,chebi:22951,http://purl.obolibrary.org/obo/CHEBI_22951,sio:000008,http://semanticscience.org/resource/SIO_000008,cheminf:000018,http://semanticscience.org/resource/CHEMINF_000018,1111,1111.0,1111,1.0,100.0,chebi:22951 -> sio:000008 -> cheminf:000018,
shape_000108,chebi:23000,http://purl.obolibrary.org/obo/CHEBI_23000,sio:000008,http://semanticscience.org/resource/SIO_000008,cheminf:000018,http://semanticscience.org/resource/CHEMINF_000018,37,37.0,37,1.0,100.0,chebi:23000 -> sio:000008 -> cheminf:000018,
shape_000109,chebi:23003,http://purl.obolibrary.org/obo/CHEBI_23003,sio:000008,http://semanticscience.org/resource/SIO_000008,cheminf:000018,http://semanticscience.org/resource/CHEMINF_000018,1151,1151.0,1151,1.0,100.0,chebi:23003 -> sio:000008 -> cheminf:000018,
shape_000110,chebi:23044,http://purl.obolibrary.org/obo/CHEBI_23044,sio:000008,http://semanticscience.org/resource/SIO_000008,cheminf:000018,http://semanticscience.org/resource/CHEMINF_000018,269,269.0,269,1.0,100.0,chebi:23044 -> sio:000008 -> cheminf:000018,
shape_000159,chebi:24397,http://purl.obolibrary.org/obo/CHEBI_24397,sio:000008,http://semanticscience.org/resource/SIO_000008,cheminf:000018,http://semanticscience.org/resource/CHEMINF_000018,2,2.0,2,1.0,100.0,chebi:24397 -> sio:000008 -> cheminf:000018,
shape_000161,chebi:24402,http://purl.obolibrary.org/obo/CHEBI_24402,sio:000008,http://semanticscience.org/resource/SIO_000008,cheminf:000018,http://semanticscience.org/resource/CHEMINF_000018,125808,125808.0,125808,1.0,100.0,chebi:24402 -> sio:000008 -> cheminf:000018,
shape_000162,chebi:24406,http://purl.obolibrary.org/obo/CHEBI_24406,sio:000008,http://semanticscience.org/resource/SIO_000008,cheminf:000018,http://semanticscience.org/resource/CHEMINF_000018,65947,65947.0,65947,1.0,100.0,chebi:24406 -> sio:000008 -> cheminf:000018,
shape_000163,chebi:24436,http://purl.obolibrary.org/obo/CHEBI_24436,sio:000008,http://semanticscience.org/resource/SIO_000008,cheminf:000018,http://semanticscience.org/resource/CHEMINF_000018,1984,1984.0,1984,1.0,100.0,chebi:24436 -> sio:000008 -> cheminf:000018,
shape_000165,chebi:24532,http://purl.obolibrary.org/obo/CHEBI_24532,sio:000008,http://semanticscience.org/resource/SIO_000008,cheminf:000018,http://semanticscience.org/resource/CHEMINF_000018,567,567.0,567,1.0,100.0,chebi:24532 -> sio:000008 -> cheminf:000018,
shape_000166,chebi:24589,http://purl.obolibrary.org/obo/CHEBI_24589,sio:000008,http://semanticscience.org/resource/SIO_000008,cheminf:000018,http://semanticscience.org/resource/CHEMINF_000018,46,46.0,46,1.0,100.0,chebi:24589 -> sio:000008 -> cheminf:000018,
shape_000151,chebi:24279,http://purl.obolibrary.org/obo/CHEBI_24279,sio:000008,http://semanticscience.org/resource/SIO_000008,cheminf:000018,http://semanticscience.org/resource/CHEMINF_000018,513,513.0,513,1.0,100.0,chebi:24279 -> sio:000008 -> cheminf:000018,
shape_000153,chebi:24353,http://purl.obolibrary.org/obo/CHEBI_24353,sio:000008,http://semanticscience.org/resource/SIO_000008,cheminf:000018,http://semanticscience.org/resource/CHEMINF_000018,108334,108334.0,108334,1.0,100.0,chebi:24353 -> sio:000008 -> cheminf:000018,
shape_000154,chebi:24356,http://purl.obolibrary.org/obo/CHEBI_24356,sio:000008,http://semanticscience.org/resource/SIO_000008,cheminf:000018,http://semanticscience.org/resource/CHEMINF_000018,40,40.0,40,1.0,100.0,chebi:24356 -> sio:000008 -> cheminf:000018,
shape_000155,chebi:24358,http://purl.obolibrary.org/obo/CHEBI_24358,sio:000008,http://semanticscience.org/resource/SIO_000008,cheminf:000018,http://semanticscience.org/resource/CHEMINF_000018,4,4.0,4,1.0,100.0,chebi:24358 -> sio:000008 -> cheminf:000018,
shape_000156,chebi:24360,http://purl.obolibrary.org/obo/CHEBI_24360,sio:000008,http://semanticscience.org/resource/SIO_000008,cheminf:000018,http://semanticscience.org/resource/CHEMINF_000018,12823,12823.0,12823,1.0,100.0,chebi:24360 -> sio:000008 -> cheminf:000018,
shape_000157,chebi:24385,http://purl.obolibrary.org/obo/CHEBI_24385,sio:000008,http://semanticscience.org/resource/SIO_000008,cheminf:000018,http://semanticscience.org/resource/CHEMINF_000018,18,18.0,18,1.0,100.0,chebi:24385 -> sio:000008 -> cheminf:000018,
shape_000158,chebi:24396,http://purl.obolibrary.org/obo/CHEBI_24396,sio:000008,http://semanticscience.org/resource/SIO_000008,cheminf:000018,http://semanticscience.org/resource/CHEMINF_000018,10,10.0,10,1.0,100.0,chebi:24396 -> sio:000008 -> cheminf:000018,
shape_000144,chebi:24059,http://purl.obolibrary.org/obo/CHEBI_24059,sio:000008,http://semanticscience.org/resource/SIO_000008,cheminf:000018,http://semanticscience.org/resource/CHEMINF_000018,91,91.0,91,1.0,100.0,chebi:24059 -> sio:000008 -> cheminf:000018,
shape_000145,chebi:24060,http://purl.obolibrary.org/obo/CHEBI_24060,sio:000008,http://semanticscience.org/resource/SIO_000008,cheminf:000018,http://semanticscience.org/resource/CHEMINF_000018,1,1.0,1,1.0,100.0,chebi:24060 -> sio:000008 -> cheminf:000018,
shape_000146,chebi:24079,http://purl.obolibrary.org/obo/CHEBI_24079,sio:000008,http://semanticscience.org/resource/SIO_000008,cheminf:000018,http://semanticscience.org/resource/CHEMINF_000018,14,14.0,14,1.0,100.0,chebi:24079 -> sio:000008 -> cheminf:000018,
shape_000149,chebi:24250,http://purl.obolibrary.org/obo/CHEBI_24250,sio:000008,http://semanticscience.org/resource/SIO_000008,cheminf:000018,http://semanticscience.org/resource/CHEMINF_000018,157,157.0,157,1.0,100.0,chebi:24250 -> sio:000008 -> cheminf:000018,
shape_000150,chebi:24267,http://purl.obolibrary.org/obo/CHEBI_24267,sio:000008,http://semanticscience.org/resource/SIO_000008,cheminf:000018,http://semanticscience.org/resource/CHEMINF_000018,22,22.0,22,1.0,100.0,chebi:24267 -> sio:000008 -> cheminf:000018,
shape_000136,chebi:23765,http://purl.obolibrary.org/obo/CHEBI_23765,sio:000008,http://semanticscience.org/resource/SIO_000008,cheminf:000018,http://semanticscience.org/resource/CHEMINF_000018,758,758.0,758,1.0,100.0,chebi:23765 -> sio:000008 -> cheminf:000018,
shape_000137,chebi:23822,http://purl.obolibrary.org/obo/CHEBI_23822,sio:000008,http://semanticscience.org/resource/SIO_000008,cheminf:000018,http://semanticscience.org/resource/CHEMINF_000018,27,27.0,27,1.0,100.0,chebi:23822 -> sio:000008 -> cheminf:000018,
shape_000138,chebi:23825,http://purl.obolibrary.org/obo/CHEBI_23825,sio:000008,http://semanticscience.org/resource/SIO_000008,cheminf:000018,http://semanticscience.org/resource/CHEMINF_000018,1,1.0,1,1.0,100.0,chebi:23825 -> sio:000008 -> cheminf:000018,
shape_000139,chebi:23843,http://purl.obolibrary.org/obo/CHEBI_23843,sio:000008,http://semanticscience.org/resource/SIO_000008,cheminf:000018,http://semanticscience.org/resource/CHEMINF_000018,36,36.0,36,1.0,100.0,chebi:23843 -> sio:000008 -> cheminf:000018,
shape_000140,chebi:23847,http://purl.obolibrary.org/obo/CHEBI_23847,sio:000008,http://semanticscience.org/resource/SIO_000008,cheminf:000018,http://semanticscience.org/resource/CHEMINF_000018,334,334.0,334,1.0,100.0,chebi:23847 -> sio:000008 -> cheminf:000018,
shape_000142,chebi:23899,http://purl.obolibrary.org/obo/CHEBI_23899,sio:000008,http://semanticscience.org/resource/SIO_000008,cheminf:000018,http://semanticscience.org/resource/CHEMINF_000018,7563,7563.0,7563,1.0,100.0,chebi:23899 -> sio:000008 -> cheminf:000018,
shape_000223,chebi:25543,http://purl.obolibrary.org/obo/CHEBI_25543,sio:000008,http://semanticscience.org/resource/SIO_000008,cheminf:000018,http://semanticscience.org/resource/CHEMINF_000018,142,142.0,142,1.0,100.0,chebi:25543 -> sio:000008 -> cheminf:000018,
shape_000224,chebi:25553,http://purl.obolibrary.org/obo/CHEBI_25553,sio:000008,http://semanticscience.org/resource/SIO_000008,cheminf:000018,http://semanticscience.org/resource/CHEMINF_000018,94,94.0,94,1.0,100.0,chebi:25553 -> sio:000008 -> cheminf:000018,
shape_000225,chebi:25566,http://purl.obolibrary.org/obo/CHEBI_25566,sio:000008,http://semanticscience.org/resource/SIO_000008,cheminf:000018,http://semanticscience.org/resource/CHEMINF_000018,93,93.0,93,1.0,100.0,chebi:25566 -> sio:000008 -> cheminf:000018,
shape_000226,chebi:25622,http://purl.obolibrary.org/obo/CHEBI_25622,sio:000008,http://semanticscience.org/resource/SIO_000008,cheminf:000018,http://semanticscience.org/resource/CHEMINF_000018,55,55.0,55,1.0,100.0,chebi:25622 -> sio:000008 -> cheminf:000018,
shape_000227,chebi:25656,http://purl.obolibrary.org/obo/CHEBI_25656,sio:000008,http://semanticscience.org/resource/SIO_000008,cheminf:000018,http://semanticscience.org/resource/CHEMINF_000018,3,3.0,3,1.0,100.0,chebi:25656 -> sio:000008 -> cheminf:000018,
shape_000228,chebi:25676,http://purl.obolibrary.org/obo/CHEBI_25676,sio:000008,http://semanticscience.org/resource/SIO_000008,cheminf:000018,http://semanticscience.org/resource/CHEMINF_000018,1012,1012.0,1012,1.0,100.0,chebi:25676 -> sio:000008 -> cheminf:000018,
shape_000229,chebi:25696,http://purl.obolibrary.org/obo/CHEBI_25696,sio:000008,http://semanticscience.org/resource/SIO_000008,cheminf:000018,http://semanticscience.org/resource/CHEMINF_000018,80,80.0,80,1.0,100.0,chebi:25696 -> sio:000008 -> cheminf:000018,
shape_000217,chebi:25479,http://purl.obolibrary.org/obo/CHEBI_25479,sio:000008,http://semanticscience.org/resource/SIO_000008,cheminf:000018,http://semanticscience.org/resource/CHEMINF_000018,10,10.0,10,1.0,100.0,chebi:25479 -> sio:000008 -> cheminf:000018,
shape_000218,chebi:25481,http://purl.obolibrary.org/obo/CHEBI_25481,sio:000008,http://semanticscience.org/resource/SIO_000008,cheminf:000018,http://semanticscience.org/resource/CHEMINF_000018,476,476.0,476,1.0,100.0,chebi:25481 -> sio:000008 -> cheminf:000018,
shape_000219,chebi:25483,http://purl.obolibrary.org/obo/CHEBI_25483,sio:000008,http://semanticscience.org/resource/SIO_000008,cheminf:000018,http://semanticscience.org/resource/CHEMINF_000018,345,345.0,345,1.0,100.0,chebi:25483 -> sio:000008 -> cheminf:000018,
shape_000220,chebi:25508,http://purl.obolibrary.org/obo/CHEBI_25508,sio:000008,http://semanticscience.org/resource/SIO_000008,cheminf:000018,http://semanticscience.org/resource/CHEMINF_000018,5147,5147.0,5147,1.0,100.0,chebi:25508 -> sio:000008 -> cheminf:000018,
shape_000221,chebi:25527,http://purl.obolibrary.org/obo/CHEBI_25527,sio:000008,http://semanticscience.org/resource/SIO_000008,cheminf:000018,http://semanticscience.org/resource/CHEMINF_000018,169,169.0,169,1.0,100.0,chebi:25527 -> sio:000008 -> cheminf:000018,
shape_000222,chebi:25529,http://purl.obolibrary.org/obo/CHEBI_25529,sio:000008,http://semanticscience.org/resource/SIO_000008,cheminf:000018,http://semanticscience.org/resource/CHEMINF_000018,657,657.0,657,1.0,100.0,chebi:25529 -> sio:000008 -> cheminf:000018,
shape_000207,chebi:25235,http://purl.obolibrary.org/obo/CHEBI_25235,sio:000008,http://semanticscience.org/resource/SIO_000008,cheminf:000018,http://semanticscience.org/resource/CHEMINF_000018,119,119.0,119,1.0,100.0,chebi:25235 -> sio:000008 -> cheminf:000018,
shape_000208,chebi:25238,http://purl.obolibrary.org/obo/CHEBI_25238,sio:000008,http://semanticscience.org/resource/SIO_000008,cheminf:000018,http://semanticscience.org/resource/CHEMINF_000018,1747,1747.0,1747,1.0,100.0,chebi:25238 -> sio:000008 -> cheminf:000018,
shape_000209,chebi:25340,http://purl.obolibrary.org/obo/CHEBI_25340,sio:000008,http://semanticscience.org/resource/SIO_000008,cheminf:000018,http://semanticscience.org/resource/CHEMINF_000018,1174,1174.0,1174,1.0,100.0,chebi:25340 -> sio:000008 -> cheminf:000018,
shape_000210,chebi:25357,http://purl.obolibrary.org/obo/CHEBI_25357,sio:000008,http://semanticscience.org/resource/SIO_000008,cheminf:000018,http://semanticscience.org/resource/CHEMINF_000018,31,31.0,31,1.0,100.0,chebi:25357 -> sio:000008 -> cheminf:000018,
shape_000213,chebi:25389,http://purl.obolibrary.org/obo/CHEBI_25389,sio:000008,http://semanticscience.org/resource/SIO_000008,cheminf:000018,http://semanticscience.org/resource/CHEMINF_000018,22,22.0,22,1.0,100.0,chebi:25389 -> sio:000008 -> cheminf:000018,
shape_000214,chebi:25392,http://purl.obolibrary.org/obo/CHEBI_25392,sio:000008,http://semanticscience.org/resource/SIO_000008,cheminf:000018,http://semanticscience.org/resource/CHEMINF_000018,1091,1091.0,1091,1.0,100.0,chebi:25392 -> sio:000008 -> cheminf:000018,
shape_000199,chebi:25036,http://purl.obolibrary.org/obo/CHEBI_25036,sio:000008,http://semanticscience.org/resource/SIO_000008,cheminf:000018,http://semanticscience.org/resource/CHEMINF_000018,3306,3306.0,3306,1.0,100.0,chebi:25036 -> sio:000008 -> cheminf:000018,
shape_000200,chebi:25099,http://purl.obolibrary.org/obo/CHEBI_25099,sio:000008,http://semanticscience.org/resource/SIO_000008,cheminf:000018,http://semanticscience.org/resource/CHEMINF_000018,36,36.0,36,1.0,100.0,chebi:25099 -> sio:000008 -> cheminf:000018,
shape_000201,chebi:25106,http://purl.obolibrary.org/obo/CHEBI_25106,sio:000008,http://semanticscience.org/resource/SIO_000008,cheminf:000018,http://semanticscience.org/resource/CHEMINF_000018,597,597.0,597,1.0,100.0,chebi:25106 -> sio:000008 -> cheminf:000018,
shape_000202,chebi:25185,http://purl.obolibrary.org/obo/CHEBI_25185,sio:000008,http://semanticscience.org/resource/SIO_000008,cheminf:000018,http://semanticscience.org/resource/CHEMINF_000018,21,21.0,21,1.0,100.0,chebi:25185 -> sio:000008 -> cheminf:000018,
shape_000203,chebi:25186,http://purl.obolibrary.org/obo/CHEBI_25186,sio:000008,http://semanticscience.org/resource/SIO_000008,cheminf:000018,http://semanticscience.org/resource/CHEMINF_000018,756,756.0,756,1.0,100.0,chebi:25186 -> sio:000008 -> cheminf:000018,
shape_000204,chebi:25196,http://purl.obolibrary.org/obo/CHEBI_25196,sio:000008,http://semanticscience.org/resource/SIO_000008,cheminf:000018,http://semanticscience.org/resource/CHEMINF_000018,1,1.0,1,1.0,100.0,chebi:25196 -> sio:000008 -> cheminf:000018,
shape_000205,chebi:25216,http://purl.obolibrary.org/obo/CHEBI_25216,sio:000008,http://semanticscience.org/resource/SIO_000008,cheminf:000018,http://semanticscience.org/resource/CHEMINF_000018,22,22.0,22,1.0,100.0,chebi:25216 -> sio:000008 -> cheminf:000018,
shape_000206,chebi:25223,http://purl.obolibrary.org/obo/CHEBI_25223,sio:000008,http://semanticscience.org/resource/SIO_000008,cheminf:000018,http://semanticscience.org/resource/CHEMINF_000018,88,88.0,88,1.0,100.0,chebi:25223 -> sio:000008 -> cheminf:000018,
shape_000192,chebi:24913,http://purl.obolibrary.org/obo/CHEBI_24913,sio:000008,http://semanticscience.org/resource/SIO_000008,cheminf:000018,http://semanticscience.org/resource/CHEMINF_000018,1,1.0,1,1.0,100.0,chebi:24913 -> sio:000008 -> cheminf:000018,
shape_000193,chebi:24921,http://purl.obolibrary.org/obo/CHEBI_24921,sio:000008,http://semanticscience.org/resource/SIO_000008,cheminf:000018,http://semanticscience.org/resource/CHEMINF_000018,288,288.0,288,1.0,100.0,chebi:24921 -> sio:000008 -> cheminf:000018,
shape_000194,chebi:24922,http://purl.obolibrary.org/obo/CHEBI_24922,sio:000008,http://semanticscience.org/resource/SIO_000008,cheminf:000018,http://semanticscience.org/resource/CHEMINF_000018,1798,1798.0,1798,1.0,100.0,chebi:24922 -> sio:000008 -> cheminf:000018,
shape_000195,chebi:24983,http://purl.obolibrary.org/obo/CHEBI_24983,sio:000008,http://semanticscience.org/resource/SIO_000008,cheminf:000018,http://semanticscience.org/resource/CHEMINF_000018,37,37.0,37,1.0,100.0,chebi:24983 -> sio:000008 -> cheminf:000018,
shape_000196,chebi:24995,http://purl.obolibrary.org/obo/CHEBI_24995,sio:000008,http://semanticscience.org/resource/SIO_000008,cheminf:000018,http://semanticscience.org/resource/CHEMINF_000018,706,706.0,706,1.0,100.0,chebi:24995 -> sio:000008 -> cheminf:000018,
shape_000197,chebi:25000,http://purl.obolibrary.org/obo/CHEBI_25000,sio:000008,http://semanticscience.org/resource/SIO_000008,cheminf:000018,http://semanticscience.org/resource/CHEMINF_000018,616,616.0,616,1.0,100.0,chebi:25000 -> sio:000008 -> cheminf:000018,
shape_000198,chebi:25029,http://purl.obolibrary.org/obo/CHEBI_25029,sio:000008,http://semanticscience.org/resource/SIO_000008,cheminf:000018,http://semanticscience.org/resource/CHEMINF_000018,109,109.0,109,1.0,100.0,chebi:25029 -> sio:000008 -> cheminf:000018,
shape_000184,chebi:24829,http://purl.obolibrary.org/obo/CHEBI_24829,sio:000008,http://semanticscience.org/resource/SIO_000008,cheminf:000018,http://semanticscience.org/resource/CHEMINF_000018,31,31.0,31,1.0,100.0,chebi:24829 -> sio:000008 -> cheminf:000018,
shape_000185,chebi:24836,http://purl.obolibrary.org/obo/CHEBI_24836,sio:000008,http://semanticscience.org/resource/SIO_000008,cheminf:000018,http://semanticscience.org/resource/CHEMINF_000018,70,70.0,70,1.0,100.0,chebi:24836 -> sio:000008 -> cheminf:000018,
shape_000186,chebi:24839,http://purl.obolibrary.org/obo/CHEBI_24839,sio:000008,http://semanticscience.org/resource/SIO_000008,cheminf:000018,http://semanticscience.org/resource/CHEMINF_000018,1,1.0,1,1.0,100.0,chebi:24839 -> sio:000008 -> cheminf:000018,
shape_000187,chebi:24840,http://purl.obolibrary.org/obo/CHEBI_24840,sio:000008,http://semanticscience.org/resource/SIO_000008,cheminf:000018,http://semanticscience.org/resource/CHEMINF_000018,2,2.0,2,1.0,100.0,chebi:24840 -> sio:000008 -> cheminf:000018,
shape_000188,chebi:24846,http://purl.obolibrary.org/obo/CHEBI_24846,sio:000008,http://semanticscience.org/resource/SIO_000008,cheminf:000018,http://semanticscience.org/resource/CHEMINF_000018,9349,9349.0,9349,1.0,100.0,chebi:24846 -> sio:000008 -> cheminf:000018,
shape_000189,chebi:24863,http://purl.obolibrary.org/obo/CHEBI_24863,sio:000008,http://semanticscience.org/resource/SIO_000008,cheminf:000018,http://semanticscience.org/resource/CHEMINF_000018,149,149.0,149,1.0,100.0,chebi:24863 -> sio:000008 -> cheminf:000018,
shape_000175,chebi:24676,http://purl.obolibrary.org/obo/CHEBI_24676,sio:000008,http://semanticscience.org/resource/SIO_000008,cheminf:000018,http://semanticscience.org/resource/CHEMINF_000018,2224,2224.0,2224,1.0,100.0,chebi:24676 -> sio:000008 -> cheminf:000018,
shape_000176,chebi:24681,http://purl.obolibrary.org/obo/CHEBI_24681,sio:000008,http://semanticscience.org/resource/SIO_000008,cheminf:000018,http://semanticscience.org/resource/CHEMINF_000018,119,119.0,119,1.0,100.0,chebi:24681 -> sio:000008 -> cheminf:000018,
shape_000177,chebi:24689,http://purl.obolibrary.org/obo/CHEBI_24689,sio:000008,http://semanticscience.org/resource/SIO_000008,cheminf:000018,http://semanticscience.org/resource/CHEMINF_000018,2251,2251.0,2251,1.0,100.0,chebi:24689 -> sio:000008 -> cheminf:000018,
shape_000178,chebi:24745,http://purl.obolibrary.org/obo/CHEBI_24745,sio:000008,http://semanticscience.org/resource/SIO_000008,cheminf:000018,http://semanticscience.org/resource/CHEMINF_000018,586,586.0,586,1.0,100.0,chebi:24745 -> sio:000008 -> cheminf:000018,
shape_000179,chebi:24751,http://purl.obolibrary.org/obo/CHEBI_24751,sio:000008,http://semanticscience.org/resource/SIO_000008,cheminf:000018,http://semanticscience.org/resource/CHEMINF_000018,1632,1632.0,1632,1.0,100.0,chebi:24751 -> sio:000008 -> cheminf:000018,
shape_000181,chebi:24789,http://purl.obolibrary.org/obo/CHEBI_24789,sio:000008,http://semanticscience.org/resource/SIO_000008,cheminf:000018,http://semanticscience.org/resource/CHEMINF_000018,226,226.0,226,1.0,100.0,chebi:24789 -> sio:000008 -> cheminf:000018,
shape_000182,chebi:24803,http://purl.obolibrary.org/obo/CHEBI_24803,sio:000008,http://semanticscience.org/resource/SIO_000008,cheminf:000018,http://semanticscience.org/resource/CHEMINF_000018,421,421.0,421,1.0,100.0,chebi:24803 -> sio:000008 -> cheminf:000018,
shape_000167,chebi:24613,http://purl.obolibrary.org/obo/CHEBI_24613,sio:000008,http://semanticscience.org/resource/SIO_000008,cheminf:000018,http://semanticscience.org/resource/CHEMINF_000018,36,36.0,36,1.0,100.0,chebi:24613 -> sio:000008 -> cheminf:000018,
shape_000168,chebi:24628,http://purl.obolibrary.org/obo/CHEBI_24628,sio:000008,http://semanticscience.org/resource/SIO_000008,cheminf:000018,http://semanticscience.org/resource/CHEMINF_000018,142,142.0,142,1.0,100.0,chebi:24628 -> sio:000008 -> cheminf:000018,
shape_000169,chebi:24632,http://purl.obolibrary.org/obo/CHEBI_24632,sio:000008,http://semanticscience.org/resource/SIO_000008,cheminf:000018,http://semanticscience.org/resource/CHEMINF_000018,436,436.0,436,1.0,100.0,chebi:24632 -> sio:000008 -> cheminf:000018,
shape_000170,chebi:24646,http://purl.obolibrary.org/obo/CHEBI_24646,sio:000008,http://semanticscience.org/resource/SIO_000008,cheminf:000018,http://semanticscience.org/resource/CHEMINF_000018,271,271.0,271,1.0,100.0,chebi:24646 -> sio:000008 -> cheminf:000018,
shape_000171,chebi:24650,http://purl.obolibrary.org/obo/CHEBI_24650,sio:000008,http://semanticscience.org/resource/SIO_000008,cheminf:000018,http://semanticscience.org/resource/CHEMINF_000018,303,303.0,303,1.0,100.0,chebi:24650 -> sio:000008 -> cheminf:000018,
shape_000173,chebi:24669,http://purl.obolibrary.org/obo/CHEBI_24669,sio:000008,http://semanticscience.org/resource/SIO_000008,cheminf:000018,http://semanticscience.org/resource/CHEMINF_000018,784,784.0,784,1.0,100.0,chebi:24669 -> sio:000008 -> cheminf:000018,
shape_000174,chebi:24673,http://purl.obolibrary.org/obo/CHEBI_24673,sio:000008,http://semanticscience.org/resource/SIO_000008,cheminf:000018,http://semanticscience.org/resource/CHEMINF_000018,381,381.0,381,1.0,100.0,chebi:24673 -> sio:000008 -> cheminf:000018,
shape_000287,chebi:26435,http://purl.obolibrary.org/obo/CHEBI_26435,sio:000008,http://semanticscience.org/resource/SIO_000008,cheminf:000018,http://semanticscience.org/resource/CHEMINF_000018,28,28.0,28,1.0,100.0,chebi:26435 -> sio:000008 -> cheminf:000018,
shape_000288,chebi:26437,http://purl.obolibrary.org/obo/CHEBI_26437,sio:000008,http://semanticscience.org/resource/SIO_000008,cheminf:000018,http://semanticscience.org/resource/CHEMINF_000018,9,9.0,9,1.0,100.0,chebi:26437 -> sio:000008 -> cheminf:000018,
shape_000289,chebi:26438,http://purl.obolibrary.org/obo/CHEBI_26438,sio:000008,http://semanticscience.org/resource/SIO_000008,cheminf:000018,http://semanticscience.org/resource/CHEMINF_000018,272,272.0,272,1.0,100.0,chebi:26438 -> sio:000008 -> cheminf:000018,
shape_000290,chebi:26440,http://purl.obolibrary.org/obo/CHEBI_26440,sio:000008,http://semanticscience.org/resource/SIO_000008,cheminf:000018,http://semanticscience.org/resource/CHEMINF_000018,1017,1017.0,1017,1.0,100.0,chebi:26440 -> sio:000008 -> cheminf:000018,
shape_000291,chebi:26441,http://purl.obolibrary.org/obo/CHEBI_26441,sio:000008,http://semanticscience.org/resource/SIO_000008,cheminf:000018,http://semanticscience.org/resource/CHEMINF_000018,772,772.0,772,1.0,100.0,chebi:26441 -> sio:000008 -> cheminf:000018,
shape_000292,chebi:26442,http://purl.obolibrary.org/obo/CHEBI_26442,sio:000008,http://semanticscience.org/resource/SIO_000008,cheminf:000018,http://semanticscience.org/resource/CHEMINF_000018,295,295.0,295,1.0,100.0,chebi:26442 -> sio:000008 -> cheminf:000018,
shape_000293,chebi:26443,http://purl.obolibrary.org/obo/CHEBI_26443,sio:000008,http://semanticscience.org/resource/SIO_000008,cheminf:000018,http://semanticscience.org/resource/CHEMINF_000018,133,133.0,133,1.0,100.0,chebi:26443 -> sio:000008 -> cheminf:000018,
shape_000279,chebi:26400,http://purl.obolibrary.org/obo/CHEBI_26400,sio:000008,http://semanticscience.org/resource/SIO_000008,cheminf:000018,http://semanticscience.org/resource/CHEMINF_000018,596,596.0,596,1.0,100.0,chebi:26400 -> sio:000008 -> cheminf:000018,
shape_000280,chebi:26401,http://purl.obolibrary.org/obo/CHEBI_26401,sio:000008,http://semanticscience.org/resource/SIO_000008,cheminf:000018,http://semanticscience.org/resource/CHEMINF_000018,3036,3036.0,3036,1.0,100.0,chebi:26401 -> sio:000008 -> cheminf:000018,
shape_000282,chebi:26410,http://purl.obolibrary.org/obo/CHEBI_26410,sio:000008,http://semanticscience.org/resource/SIO_000008,cheminf:000018,http://semanticscience.org/resource/CHEMINF_000018,1194,1194.0,1194,1.0,100.0,chebi:26410 -> sio:000008 -> cheminf:000018,
shape_000283,chebi:26414,http://purl.obolibrary.org/obo/CHEBI_26414,sio:000008,http://semanticscience.org/resource/SIO_000008,cheminf:000018,http://semanticscience.org/resource/CHEMINF_000018,149,149.0,149,1.0,100.0,chebi:26414 -> sio:000008 -> cheminf:000018,
shape_000285,chebi:26433,http://purl.obolibrary.org/obo/CHEBI_26433,sio:000008,http://semanticscience.org/resource/SIO_000008,cheminf:000018,http://semanticscience.org/resource/CHEMINF_000018,19,19.0,19,1.0,100.0,chebi:26433 -> sio:000008 -> cheminf:000018,
shape_000286,chebi:26434,http://purl.obolibrary.org/obo/CHEBI_26434,sio:000008,http://semanticscience.org/resource/SIO_000008,cheminf:000018,http://semanticscience.org/resource/CHEMINF_000018,272,272.0,272,1.0,100.0,chebi:26434 -> sio:000008 -> cheminf:000018,
shape_000271,chebi:26389,http://purl.obolibrary.org/obo/CHEBI_26389,sio:000008,http://semanticscience.org/resource/SIO_000008,cheminf:000018,http://semanticscience.org/resource/CHEMINF_000018,22,22.0,22,1.0,100.0,chebi:26389 -> sio:000008 -> cheminf:000018,
shape_000272,chebi:26391,http://purl.obolibrary.org/obo/CHEBI_26391,sio:000008,http://semanticscience.org/resource/SIO_000008,cheminf:000018,http://semanticscience.org/resource/CHEMINF_000018,24,24.0,24,1.0,100.0,chebi:26391 -> sio:000008 -> cheminf:000018,
shape_000273,chebi:26392,http://purl.obolibrary.org/obo/CHEBI_26392,sio:000008,http://semanticscience.org/resource/SIO_000008,cheminf:000018,http://semanticscience.org/resource/CHEMINF_000018,111,111.0,111,1.0,100.0,chebi:26392 -> sio:000008 -> cheminf:000018,
shape_000274,chebi:26394,http://purl.obolibrary.org/obo/CHEBI_26394,sio:000008,http://semanticscience.org/resource/SIO_000008,cheminf:000018,http://semanticscience.org/resource/CHEMINF_000018,2180,2180.0,2180,1.0,100.0,chebi:26394 -> sio:000008 -> cheminf:000018,
shape_000275,chebi:26395,http://purl.obolibrary.org/obo/CHEBI_26395,sio:000008,http://semanticscience.org/resource/SIO_000008,cheminf:000018,http://semanticscience.org/resource/CHEMINF_000018,1027,1027.0,1027,1.0,100.0,chebi:26395 -> sio:000008 -> cheminf:000018,
shape_000276,chebi:26396,http://purl.obolibrary.org/obo/CHEBI_26396,sio:000008,http://semanticscience.org/resource/SIO_000008,cheminf:000018,http://semanticscience.org/resource/CHEMINF_000018,4171,4171.0,4171,1.0,100.0,chebi:26396 -> sio:000008 -> cheminf:000018,
shape_000277,chebi:26397,http://purl.obolibrary.org/obo/CHEBI_26397,sio:000008,http://semanticscience.org/resource/SIO_000008,cheminf:000018,http://semanticscience.org/resource/CHEMINF_000018,726,726.0,726,1.0,100.0,chebi:26397 -> sio:000008 -> cheminf:000018,
shape_000278,chebi:26398,http://purl.obolibrary.org/obo/CHEBI_26398,sio:000008,http://semanticscience.org/resource/SIO_000008,cheminf:000018,http://semanticscience.org/resource/CHEMINF_000018,62,62.0,62,1.0,100.0,chebi:26398 -> sio:000008 -> cheminf:000018,
shape_000263,chebi:26273,http://purl.obolibrary.org/obo/CHEBI_26273,sio:000008,http://semanticscience.org/resource/SIO_000008,cheminf:000018,http://semanticscience.org/resource/CHEMINF_000018,50,50.0,50,1.0,100.0,chebi:26273 -> sio:000008 -> cheminf:000018,
shape_000264,chebi:26347,http://purl.obolibrary.org/obo/CHEBI_26347,sio:000008,http://semanticscience.org/resource/SIO_000008,cheminf:000018,http://semanticscience.org/resource/CHEMINF_000018,529,529.0,529,1.0,100.0,chebi:26347 -> sio:000008 -> cheminf:000018,
shape_000266,chebi:26373,http://purl.obolibrary.org/obo/CHEBI_26373,sio:000008,http://semanticscience.org/resource/SIO_000008,cheminf:000018,http://semanticscience.org/resource/CHEMINF_000018,430,430.0,430,1.0,100.0,chebi:26373 -> sio:000008 -> cheminf:000018,
shape_000267,chebi:26375,http://purl.obolibrary.org/obo/CHEBI_26375,sio:000008,http://semanticscience.org/resource/SIO_000008,cheminf:000018,http://semanticscience.org/resource/CHEMINF_000018,345,345.0,345,1.0,100.0,chebi:26375 -> sio:000008 -> cheminf:000018,
shape_000268,chebi:26377,http://purl.obolibrary.org/obo/CHEBI_26377,sio:000008,http://semanticscience.org/resource/SIO_000008,cheminf:000018,http://semanticscience.org/resource/CHEMINF_000018,188,188.0,188,1.0,100.0,chebi:26377 -> sio:000008 -> cheminf:000018,
shape_000269,chebi:26387,http://purl.obolibrary.org/obo/CHEBI_26387,sio:000008,http://semanticscience.org/resource/SIO_000008,cheminf:000018,http://semanticscience.org/resource/CHEMINF_000018,24,24.0,24,1.0,100.0,chebi:26387 -> sio:000008 -> cheminf:000018,
shape_000270,chebi:26388,http://purl.obolibrary.org/obo/CHEBI_26388,sio:000008,http://semanticscience.org/resource/SIO_000008,cheminf:000018,http://semanticscience.org/resource/CHEMINF_000018,111,111.0,111,1.0,100.0,chebi:26388 -> sio:000008 -> cheminf:000018,
shape_000031,chebi:16916,http://purl.obolibrary.org/obo/CHEBI_16916,sio:000008,http://semanticscience.org/resource/SIO_000008,cheminf:000018,http://semanticscience.org/resource/CHEMINF_000018,6,6.0,6,1.0,100.0,chebi:16916 -> sio:000008 -> cheminf:000018,
shape_000032,chebi:16961,http://purl.obolibrary.org/obo/CHEBI_16961,sio:000008,http://semanticscience.org/resource/SIO_000008,cheminf:000018,http://semanticscience.org/resource/CHEMINF_000018,113,113.0,113,1.0,100.0,chebi:16961 -> sio:000008 -> cheminf:000018,
shape_000033,chebi:17002,http://purl.obolibrary.org/obo/CHEBI_17002,sio:000008,http://semanticscience.org/resource/SIO_000008,cheminf:000018,http://semanticscience.org/resource/CHEMINF_000018,272,272.0,272,1.0,100.0,chebi:17002 -> sio:000008 -> cheminf:000018,
shape_000034,chebi:17062,http://purl.obolibrary.org/obo/CHEBI_17062,sio:000008,http://semanticscience.org/resource/SIO_000008,cheminf:000018,http://semanticscience.org/resource/CHEMINF_000018,352,352.0,352,1.0,100.0,chebi:17062 -> sio:000008 -> cheminf:000018,
shape_000036,chebi:17102,http://purl.obolibrary.org/obo/CHEBI_17102,sio:000008,http://semanticscience.org/resource/SIO_000008,cheminf:000018,http://semanticscience.org/resource/CHEMINF_000018,331,331.0,331,1.0,100.0,chebi:17102 -> sio:000008 -> cheminf:000018,
shape_000038,chebi:17354,http://purl.obolibrary.org/obo/CHEBI_17354,sio:000008,http://semanticscience.org/resource/SIO_000008,cheminf:000018,http://semanticscience.org/resource/CHEMINF_000018,98,98.0,98,1.0,100.0,chebi:17354 -> sio:000008 -> cheminf:000018,
shape_000023,chebi:16492,http://purl.obolibrary.org/obo/CHEBI_16492,sio:000008,http://semanticscience.org/resource/SIO_000008,cheminf:000018,http://semanticscience.org/resource/CHEMINF_000018,3986,3986.0,3986,1.0,100.0,chebi:16492 -> sio:000008 -> cheminf:000018,
shape_000024,chebi:16617,http://purl.obolibrary.org/obo/CHEBI_16617,sio:000008,http://semanticscience.org/resource/SIO_000008,cheminf:000018,http://semanticscience.org/resource/CHEMINF_000018,112,112.0,112,1.0,100.0,chebi:16617 -> sio:000008 -> cheminf:000018,
shape_000027,chebi:16728,http://purl.obolibrary.org/obo/CHEBI_16728,sio:000008,http://semanticscience.org/resource/SIO_000008,cheminf:000018,http://semanticscience.org/resource/CHEMINF_000018,189,189.0,189,1.0,100.0,chebi:16728 -> sio:000008 -> cheminf:000018,
shape_000028,chebi:16733,http://purl.obolibrary.org/obo/CHEBI_16733,sio:000008,http://semanticscience.org/resource/SIO_000008,cheminf:000018,http://semanticscience.org/resource/CHEMINF_000018,371,371.0,371,1.0,100.0,chebi:16733 -> sio:000008 -> cheminf:000018,
shape_000029,chebi:16749,http://purl.obolibrary.org/obo/CHEBI_16749,sio:000008,http://semanticscience.org/resource/SIO_000008,cheminf:000018,http://semanticscience.org/resource/CHEMINF_000018,2,2.0,2,1.0,100.0,chebi:16749 -> sio:000008 -> cheminf:000018,
shape_000030,chebi:16799,http://purl.obolibrary.org/obo/CHEBI_16799,sio:000008,http://semanticscience.org/resource/SIO_000008,cheminf:000018,http://semanticscience.org/resource/CHEMINF_000018,149,149.0,149,1.0,100.0,chebi:16799 -> sio:000008 -> cheminf:000018,
shape_000015,chebi:15841,http://purl.obolibrary.org/obo/CHEBI_15841,sio:000008,http://semanticscience.org/resource/SIO_000008,cheminf:000018,http://semanticscience.org/resource/CHEMINF_000018,70,70.0,70,1.0,100.0,chebi:15841 -> sio:000008 -> cheminf:000018,
shape_000017,chebi:16158,http://purl.obolibrary.org/obo/CHEBI_16158,sio:000008,http://semanticscience.org/resource/SIO_000008,cheminf:000018,http://semanticscience.org/resource/CHEMINF_000018,196,196.0,196,1.0,100.0,chebi:16158 -> sio:000008 -> cheminf:000018,
shape_000020,chebi:16385,http://purl.obolibrary.org/obo/CHEBI_16385,sio:000008,http://semanticscience.org/resource/SIO_000008,cheminf:000018,http://semanticscience.org/resource/CHEMINF_000018,496,496.0,496,1.0,100.0,chebi:16385 -> sio:000008 -> cheminf:000018,
shape_000021,chebi:16389,http://purl.obolibrary.org/obo/CHEBI_16389,sio:000008,http://semanticscience.org/resource/SIO_000008,cheminf:000018,http://semanticscience.org/resource/CHEMINF_000018,88,88.0,88,1.0,100.0,chebi:16389 -> sio:000008 -> cheminf:000018,
shape_000022,chebi:16412,http://purl.obolibrary.org/obo/CHEBI_16412,sio:000008,http://semanticscience.org/resource/SIO_000008,cheminf:000018,http://semanticscience.org/resource/CHEMINF_000018,26642,26642.0,26642,1.0,100.0,chebi:16412 -> sio:000008 -> cheminf:000018,
shape_000007,chebi:5686,http://purl.obolibrary.org/obo/CHEBI_5686,sio:000008,http://semanticscience.org/resource/SIO_000008,cheminf:000018,http://semanticscience.org/resource/CHEMINF_000018,9005,9005.0,9005,1.0,100.0,chebi:5686 -> sio:000008 -> cheminf:000018,
shape_000008,chebi:6497,http://purl.obolibrary.org/obo/CHEBI_6497,sio:000008,http://semanticscience.org/resource/SIO_000008,cheminf:000018,http://semanticscience.org/resource/CHEMINF_000018,11,11.0,11,1.0,100.0,chebi:6497 -> sio:000008 -> cheminf:000018,
shape_000009,chebi:10036,http://purl.obolibrary.org/obo/CHEBI_10036,sio:000008,http://semanticscience.org/resource/SIO_000008,cheminf:000018,http://semanticscience.org/resource/CHEMINF_000018,362152,362152.0,362152,1.0,100.0,chebi:10036 -> sio:000008 -> cheminf:000018,
shape_000010,chebi:13643,http://purl.obolibrary.org/obo/CHEBI_13643,sio:000008,http://semanticscience.org/resource/SIO_000008,cheminf:000018,http://semanticscience.org/resource/CHEMINF_000018,3,3.0,3,1.0,100.0,chebi:13643 -> sio:000008 -> cheminf:000018,
shape_000012,chebi:13790,http://purl.obolibrary.org/obo/CHEBI_13790,sio:000008,http://semanticscience.org/resource/SIO_000008,cheminf:000018,http://semanticscience.org/resource/CHEMINF_000018,382,382.0,382,1.0,100.0,chebi:13790 -> sio:000008 -> cheminf:000018,
shape_000013,chebi:15489,http://purl.obolibrary.org/obo/CHEBI_15489,sio:000008,http://semanticscience.org/resource/SIO_000008,cheminf:000018,http://semanticscience.org/resource/CHEMINF_000018,28,28.0,28,1.0,100.0,chebi:15489 -> sio:000008 -> cheminf:000018,
shape_000014,chebi:15705,http://purl.obolibrary.org/obo/CHEBI_15705,sio:000008,http://semanticscience.org/resource/SIO_000008,cheminf:000018,http://semanticscience.org/resource/CHEMINF_000018,5089,5089.0,5089,1.0,100.0,chebi:15705 -> sio:000008 -> cheminf:000018,
shape_000011,chebi:13759,http://purl.obolibrary.org/obo/CHEBI_13759,sio:000008,http://semanticscience.org/resource/SIO_000008,cheminf:000018,http://semanticscience.org/resource/CHEMINF_000018,72259,72255.0,72255,0.9999,99.99,chebi:13759 -> sio:000008 -> cheminf:000018,
shape_000180,chebi:24780,http://purl.obolibrary.org/obo/CHEBI_24780,sio:000008,http://semanticscience.org/resource/SIO_000008,cheminf:000018,http://semanticscience.org/resource/CHEMINF_000018,12770,12769.0,12769,0.9999,99.99,chebi:24780 -> sio:000008 -> cheminf:000018,
shape_000072,chebi:21731,http://purl.obolibrary.org/obo/CHEBI_21731,sio:000008,http://semanticscience.org/resource/SIO_000008,cheminf:000018,http://semanticscience.org/resource/CHEMINF_000018,7303,7302.0,7302,0.9999,99.99,chebi:21731 -> sio:000008 -> cheminf:000018,
shape_000172,chebi:24654,http://purl.obolibrary.org/obo/CHEBI_24654,sio:000008,http://semanticscience.org/resource/SIO_000008,cheminf:000018,http://semanticscience.org/resource/CHEMINF_000018,4034,4033.0,4033,0.9998,99.98,chebi:24654 -> sio:000008 -> cheminf:000018,
shape_000095,chebi:22712,http://purl.obolibrary.org/obo/CHEBI_22712,sio:000008,http://semanticscience.org/resource/SIO_000008,cheminf:000018,http://semanticscience.org/resource/CHEMINF_000018,41869,41860.0,41860,0.9998,99.98,chebi:22712 -> sio:000008 -> cheminf:000018,
shape_000160,chebi:24400,http://purl.obolibrary.org/obo/CHEBI_24400,sio:000008,http://semanticscience.org/resource/SIO_000008,cheminf:000018,http://semanticscience.org/resource/CHEMINF_000018,336172,336108.0,336108,0.9998,99.98,chebi:24400 -> sio:000008 -> cheminf:000018,
shape_000051,chebi:18133,http://purl.obolibrary.org/obo/CHEBI_18133,sio:000008,http://semanticscience.org/resource/SIO_000008,cheminf:000018,http://semanticscience.org/resource/CHEMINF_000018,188218,188182.0,188182,0.9998,99.98,chebi:18133 -> sio:000008 -> cheminf:000018,
shape_000259,chebi:26191,http://purl.obolibrary.org/obo/CHEBI_26191,sio:000008,http://semanticscience.org/resource/SIO_000008,cheminf:000018,http://semanticscience.org/resource/CHEMINF_000018,388279,388187.0,388187,0.9998,99.98,chebi:26191 -> sio:000008 -> cheminf:000018,
shape_000002,chebi:3098,http://purl.obolibrary.org/obo/CHEBI_3098,sio:000008,http://semanticscience.org/resource/SIO_000008,cheminf:000018,http://semanticscience.org/resource/CHEMINF_000018,3900,3899.0,3899,0.9997,99.97,chebi:3098 -> sio:000008 -> cheminf:000018,
shape_000098,chebi:22723,http://purl.obolibrary.org/obo/CHEBI_22723,sio:000008,http://semanticscience.org/resource/SIO_000008,cheminf:000018,http://semanticscience.org/resource/CHEMINF_000018,3322,3321.0,3321,0.9997,99.97,chebi:22723 -> sio:000008 -> cheminf:000018,
shape_000216,chebi:25477,http://purl.obolibrary.org/obo/CHEBI_25477,sio:000008,http://semanticscience.org/resource/SIO_000008,cheminf:000018,http://semanticscience.org/resource/CHEMINF_000018,3518,3517.0,3517,0.9997,99.97,chebi:25477 -> sio:000008 -> cheminf:000018,
shape_000119,chebi:23238,http://purl.obolibrary.org/obo/CHEBI_23238,sio:000008,http://semanticscience.org/resource/SIO_000008,cheminf:000018,http://semanticscience.org/resource/CHEMINF_000018,15856,15851.0,15851,0.9997,99.97,chebi:23238 -> sio:000008 -> cheminf:000018,
shape_000035,chebi:17087,http://purl.obolibrary.org/obo/CHEBI_17087,sio:000008,http://semanticscience.org/resource/SIO_000008,cheminf:000018,http://semanticscience.org/resource/CHEMINF_000018,3824,3823.0,3823,0.9997,99.97,chebi:17087 -> sio:000008 -> cheminf:000018,
shape_000152,chebi:24302,http://purl.obolibrary.org/obo/CHEBI_24302,sio:000008,http://semanticscience.org/resource/SIO_000008,cheminf:000018,http://semanticscience.org/resource/CHEMINF_000018,47844,47827.0,47827,0.9996,99.96,chebi:24302 -> sio:000008 -> cheminf:000018,
shape_000121,chebi:23403,http://purl.obolibrary.org/obo/CHEBI_23403,sio:000008,http://semanticscience.org/resource/SIO_000008,cheminf:000018,http://semanticscience.org/resource/CHEMINF_000018,4336,4334.0,4334,0.9995,99.95,chebi:23403 -> sio:000008 -> cheminf:000018,
shape_000281,chebi:26407,http://purl.obolibrary.org/obo/CHEBI_26407,sio:000008,http://semanticscience.org/resource/SIO_000008,cheminf:000018,http://semanticscience.org/resource/CHEMINF_000018,55053,55024.0,55024,0.9995,99.95,chebi:26407 -> sio:000008 -> cheminf:000018,
shape_000231,chebi:25698,http://purl.obolibrary.org/obo/CHEBI_25698,sio:000008,http://semanticscience.org/resource/SIO_000008,cheminf:000018,http://semanticscience.org/resource/CHEMINF_000018,125676,125614.0,125614,0.9995,99.95,chebi:25698 -> sio:000008 -> cheminf:000018,
shape_000143,chebi:24043,http://purl.obolibrary.org/obo/CHEBI_24043,sio:000008,http://semanticscience.org/resource/SIO_000008,cheminf:000018,http://semanticscience.org/resource/CHEMINF_000018,8966,8961.0,8961,0.9994,99.94,chebi:24043 -> sio:000008 -> cheminf:000018,
shape_000190,chebi:24868,http://purl.obolibrary.org/obo/CHEBI_24868,sio:000008,http://semanticscience.org/resource/SIO_000008,cheminf:000018,http://semanticscience.org/resource/CHEMINF_000018,19132,19115.0,19115,0.9991,99.91,chebi:24868 -> sio:000008 -> cheminf:000018,
shape_000242,chebi:25754,http://purl.obolibrary.org/obo/CHEBI_25754,sio:000008,http://semanticscience.org/resource/SIO_000008,cheminf:000018,http://semanticscience.org/resource/CHEMINF_000018,958,957.0,957,0.999,99.9,chebi:25754 -> sio:000008 -> cheminf:000018,
shape_000096,chebi:22715,http://purl.obolibrary.org/obo/CHEBI_22715,sio:000008,http://semanticscience.org/resource/SIO_000008,cheminf:000018,http://semanticscience.org/resource/CHEMINF_000018,1050,1049.0,1049,0.999,99.9,chebi:22715 -> sio:000008 -> cheminf:000018,
shape_000296,chebi:26455,http://purl.obolibrary.org/obo/CHEBI_26455,sio:000008,http://semanticscience.org/resource/SIO_000008,cheminf:000018,http://semanticscience.org/resource/CHEMINF_000018,7047,7040.0,7040,0.999,99.9,chebi:26455 -> sio:000008 -> cheminf:000018,
shape_000284,chebi:26421,http://purl.obolibrary.org/obo/CHEBI_26421,sio:000008,http://semanticscience.org/resource/SIO_000008,cheminf:000018,http://semanticscience.org/resource/CHEMINF_000018,6064,6058.0,6058,0.999,99.9,chebi:26421 -> sio:000008 -> cheminf:000018,
shape_000026,chebi:16670,http://purl.obolibrary.org/obo/CHEBI_16670,sio:000008,http://semanticscience.org/resource/SIO_000008,cheminf:000018,http://semanticscience.org/resource/CHEMINF_000018,7461,7452.0,7452,0.9988,99.88,chebi:16670 -> sio:000008 -> cheminf:000018,
shape_000183,chebi:24828,http://purl.obolibrary.org/obo/CHEBI_24828,sio:000008,http://semanticscience.org/resource/SIO_000008,cheminf:000018,http://semanticscience.org/resource/CHEMINF_000018,5577,5570.0,5570,0.9987,99.87,chebi:24828 -> sio:000008 -> cheminf:000018,
shape_000128,chebi:23480,http://purl.obolibrary.org/obo/CHEBI_23480,sio:000008,http://semanticscience.org/resource/SIO_000008,cheminf:000018,http://semanticscience.org/resource/CHEMINF_000018,11056,11039.0,11039,0.9985,99.85,chebi:23480 -> sio:000008 -> cheminf:000018,
shape_000083,chebi:22495,http://purl.obolibrary.org/obo/CHEBI_22495,sio:000008,http://semanticscience.org/resource/SIO_000008,cheminf:000018,http://semanticscience.org/resource/CHEMINF_000018,638,637.0,637,0.9984,99.84,chebi:22495 -> sio:000008 -> cheminf:000018,
shape_000147,chebi:24128,http://purl.obolibrary.org/obo/CHEBI_24128,sio:000008,http://semanticscience.org/resource/SIO_000008,cheminf:000018,http://semanticscience.org/resource/CHEMINF_000018,1171,1169.0,1169,0.9983,99.83,chebi:24128 -> sio:000008 -> cheminf:000018,
shape_000003,chebi:3992,http://purl.obolibrary.org/obo/CHEBI_3992,sio:000008,http://semanticscience.org/resource/SIO_000008,cheminf:000018,http://semanticscience.org/resource/CHEMINF_000018,5510,5499.0,5499,0.998,99.8,chebi:3992 -> sio:000008 -> cheminf:000018,
shape_000086,chebi:22562,http://purl.obolibrary.org/obo/CHEBI_22562,sio:000008,http://semanticscience.org/resource/SIO_000008,cheminf:000018,http://semanticscience.org/resource/CHEMINF_000018,4413,4404.0,4404,0.998,99.8,chebi:22562 -> sio:000008 -> cheminf:000018,
shape_000265,chebi:26369,http://purl.obolibrary.org/obo/CHEBI_26369,sio:000008,http://semanticscience.org/resource/SIO_000008,cheminf:000018,http://semanticscience.org/resource/CHEMINF_000018,959,957.0,957,0.9979,99.79,chebi:26369 -> sio:000008 -> cheminf:000018,
shape_000037,chebi:17135,http://purl.obolibrary.org/obo/CHEBI_17135,sio:000008,http://semanticscience.org/resource/SIO_000008,cheminf:000018,http://semanticscience.org/resource/CHEMINF_000018,486,485.0,485,0.9979,99.79,chebi:17135 -> sio:000008 -> cheminf:000018,
shape_000252,chebi:26004,http://purl.obolibrary.org/obo/CHEBI_26004,sio:000008,http://semanticscience.org/resource/SIO_000008,cheminf:000018,http://semanticscience.org/resource/CHEMINF_000018,2574,2568.0,2568,0.9977,99.77,chebi:26004 -> sio:000008 -> cheminf:000018,
shape_000211,chebi:25381,http://purl.obolibrary.org/obo/CHEBI_25381,sio:000008,http://semanticscience.org/resource/SIO_000008,cheminf:000018,http://semanticscience.org/resource/CHEMINF_000018,9949,9921.0,9921,0.9972,99.72,chebi:25381 -> sio:000008 -> cheminf:000018,
shape_000135,chebi:23763,http://purl.obolibrary.org/obo/CHEBI_23763,sio:000008,http://semanticscience.org/resource/SIO_000008,cheminf:000018,http://semanticscience.org/resource/CHEMINF_000018,1663,1658.0,1658,0.997,99.7,chebi:23763 -> sio:000008 -> cheminf:000018,
shape_000019,chebi:16219,http://purl.obolibrary.org/obo/CHEBI_16219,sio:000008,http://semanticscience.org/resource/SIO_000008,cheminf:000018,http://semanticscience.org/resource/CHEMINF_000018,326,325.0,325,0.9969,99.69,chebi:16219 -> sio:000008 -> cheminf:000018,
shape_000081,chebi:22475,http://purl.obolibrary.org/obo/CHEBI_22475,sio:000008,http://semanticscience.org/resource/SIO_000008,cheminf:000018,http://semanticscience.org/resource/CHEMINF_000018,2713,2704.0,2704,0.9967,99.67,chebi:22475 -> sio:000008 -> cheminf:000018,
shape_000025,chebi:16648,http://purl.obolibrary.org/obo/CHEBI_16648,sio:000008,http://semanticscience.org/resource/SIO_000008,cheminf:000018,http://semanticscience.org/resource/CHEMINF_000018,312578,311422.0,311422,0.9963,99.63,chebi:16648 -> sio:000008 -> cheminf:000018,
shape_000129,chebi:23495,http://purl.obolibrary.org/obo/CHEBI_23495,sio:000008,http://semanticscience.org/resource/SIO_000008,cheminf:000018,http://semanticscience.org/resource/CHEMINF_000018,252,251.0,251,0.996,99.6,chebi:23495 -> sio:000008 -> cheminf:000018,
shape_000001,chebi:2571,http://purl.obolibrary.org/obo/CHEBI_2571,sio:000008,http://semanticscience.org/resource/SIO_000008,cheminf:000018,http://semanticscience.org/resource/CHEMINF_000018,2422,2412.0,2412,0.9959,99.59,chebi:2571 -> sio:000008 -> cheminf:000018,
shape_000215,chebi:25409,http://purl.obolibrary.org/obo/CHEBI_25409,sio:000008,http://semanticscience.org/resource/SIO_000008,cheminf:000018,http://semanticscience.org/resource/CHEMINF_000018,4708,4687.0,4687,0.9955,99.55,chebi:25409 -> sio:000008 -> cheminf:000018,
shape_000006,chebi:5653,http://purl.obolibrary.org/obo/CHEBI_5653,sio:000008,http://semanticscience.org/resource/SIO_000008,cheminf:000018,http://semanticscience.org/resource/CHEMINF_000018,3969,3950.0,3950,0.9952,99.52,chebi:5653 -> sio:000008 -> cheminf:000018,
shape_000141,chebi:23849,http://purl.obolibrary.org/obo/CHEBI_23849,sio:000008,http://semanticscience.org/resource/SIO_000008,cheminf:000018,http://semanticscience.org/resource/CHEMINF_000018,5740,5710.0,5710,0.9948,99.48,chebi:23849 -> sio:000008 -> cheminf:000018,
shape_000148,chebi:24129,http://purl.obolibrary.org/obo/CHEBI_24129,sio:000008,http://semanticscience.org/resource/SIO_000008,cheminf:000018,http://semanticscience.org/resource/CHEMINF_000018,3793,3770.0,3770,0.9939,99.39,chebi:24129 -> sio:000008 -> cheminf:000018,
shape_000016,chebi:15904,http://purl.obolibrary.org/obo/CHEBI_15904,sio:000008,http://semanticscience.org/resource/SIO_000008,cheminf:000018,http://semanticscience.org/resource/CHEMINF_000018,7934,7876.0,7876,0.9927,99.27,chebi:15904 -> sio:000008 -> cheminf:000018,
shape_000297,chebi:26493,http://purl.obolibrary.org/obo/CHEBI_26493,sio:000008,http://semanticscience.org/resource/SIO_000008,cheminf:000018,http://semanticscience.org/resource/CHEMINF_000018,646,640.0,640,0.9907,99.07,chebi:26493 -> sio:000008 -> cheminf:000018,
shape_000212,chebi:25384,http://purl.obolibrary.org/obo/CHEBI_25384,sio:000008,http://semanticscience.org/resource/SIO_000008,cheminf:000018,http://semanticscience.org/resource/CHEMINF_000018,15685,15521.0,15521,0.9895,98.95,chebi:25384 -> sio:000008 -> cheminf:000018,
shape_000191,chebi:24897,http://purl.obolibrary.org/obo/CHEBI_24897,sio:000008,http://semanticscience.org/resource/SIO_000008,cheminf:000018,http://semanticscience.org/resource/CHEMINF_000018,1118,1104.0,1104,0.9875,98.75,chebi:24897 -> sio:000008 -> cheminf:000018,
shape_000082,chebi:22478,http://purl.obolibrary.org/obo/CHEBI_22478,sio:000008,http://semanticscience.org/resource/SIO_000008,cheminf:000018,http://semanticscience.org/resource/CHEMINF_000018,6376,6293.0,6293,0.987,98.7,chebi:22478 -> sio:000008 -> cheminf:000018,
shape_000018,chebi:16180,http://purl.obolibrary.org/obo/CHEBI_16180,sio:000008,http://semanticscience.org/resource/SIO_000008,cheminf:000018,http://semanticscience.org/resource/CHEMINF_000018,501,494.0,494,0.986,98.6,chebi:16180 -> sio:000008 -> cheminf:000018,
shape_000054,chebi:18946,http://purl.obolibrary.org/obo/CHEBI_18946,sio:000008,http://semanticscience.org/resource/SIO_000008,cheminf:000018,http://semanticscience.org/resource/CHEMINF_000018,1755,1728.0,1728,0.9846,98.46,chebi:18946 -> sio:000008 -> cheminf:000018,
shape_000233,chebi:25702,http://purl.obolibrary.org/obo/CHEBI_25702,sio:000008,http://semanticscience.org/resource/SIO_000008,cheminf:000018,http://semanticscience.org/resource/CHEMINF_000018,309,303.0,303,0.9806,98.06,chebi:25702 -> sio:000008 -> cheminf:000018,
shape_000080,chebi:22327,http://purl.obolibrary.org/obo/CHEBI_22327,sio:000008,http://semanticscience.org/resource/SIO_000008,cheminf:000018,http://semanticscience.org/resource/CHEMINF_000018,2567,2511.0,2511,0.9782,97.82,chebi:22327 -> sio:000008 -> cheminf:000018,
shape_000230,chebi:25697,http://purl.obolibrary.org/obo/CHEBI_25697,sio:000008,http://semanticscience.org/resource/SIO_000008,cheminf:000018,http://semanticscience.org/resource/CHEMINF_000018,3992,3815.0,3815,0.9557,95.57,chebi:25697 -> sio:000008 -> cheminf:000018,
shape_000254,chebi:26069,http://purl.obolibrary.org/obo/CHEBI_26069,sio:000008,http://semanticscience.org/resource/SIO_000008,cheminf:000018,http://semanticscience.org/resource/CHEMINF_000018,255,240.0,240,0.9412,94.12,chebi:26069 -> sio:000008 -> cheminf:000018,
shape_000101,chebi:22860,http://purl.obolibrary.org/obo/CHEBI_22860,sio:000008,http://semanticscience.org/resource/SIO_000008,cheminf:000018,http://semanticscience.org/resource/CHEMINF_000018,126,118.0,118,0.9365,93.65,chebi:22860 -> sio:000008 -> cheminf:000018,
shape_000078,chebi:22324,http://purl.obolibrary.org/obo/CHEBI_22324,sio:000008,http://semanticscience.org/resource/SIO_000008,cheminf:000018,http://semanticscience.org/resource/CHEMINF_000018,9078,8153.0,8153,0.8981,89.81,chebi:22324 -> sio:000008 -> cheminf:000018,
shape_000236,chebi:25710,http://purl.obolibrary.org/obo/CHEBI_25710,sio:000008,http://semanticscience.org/resource/SIO_000008,cheminf:000018,http://semanticscience.org/resource/CHEMINF_000018,905,761.0,761,0.8409,84.09,chebi:25710 -> sio:000008 -> cheminf:000018,
shape_000164,chebi:24469,http://purl.obolibrary.org/obo/CHEBI_24469,sio:000008,http://semanticscience.org/resource/SIO_000008,cheminf:000018,http://semanticscience.org/resource/CHEMINF_000018,495,345.0,345,0.697,69.7,chebi:24469 -> sio:000008 -> cheminf:000018,
shape_000255,chebi:26079,http://purl.obolibrary.org/obo/CHEBI_26079,sio:000008,http://semanticscience.org/resource/SIO_000008,cheminf:000018,http://semanticscience.org/resource/CHEMINF_000018,2735,1573.0,1573,0.5751,57.51,chebi:26079 -> sio:000008 -> cheminf:000018,
shape_000050,chebi:18059,http://purl.obolibrary.org/obo/CHEBI_18059,sio:000008,http://semanticscience.org/resource/SIO_000008,cheminf:000018,http://semanticscience.org/resource/CHEMINF_000018,1343486,,0,0.0,0.0,chebi:18059 -> sio:000008 -> cheminf:000018,Query failed after 3 attempts: 
shape_000232,chebi:25701,http://purl.obolibrary.org/obo/CHEBI_25701,sio:000008,http://semanticscience.org/resource/SIO_000008,cheminf:000018,http://semanticscience.org/resource/CHEMINF_000018,1392107,,0,0.0,0.0,chebi:25701 -> sio:000008 -> cheminf:000018,Query failed after 3 attempts: 
